{"assets/database/drive.db":["assets/database/drive.db"],"assets/fonts/Cera_Pro-Black.otf":["assets/fonts/Cera_Pro-Black.otf"],"assets/fonts/Cera_Pro-Bold.otf":["assets/fonts/Cera_Pro-Bold.otf"],"assets/fonts/Cera_Pro-Light.otf":["assets/fonts/Cera_Pro-Light.otf"],"assets/fonts/Cera_Pro-Medium.otf":["assets/fonts/Cera_Pro-Medium.otf"],"assets/fonts/Cera_Pro-Regular.otf":["assets/fonts/Cera_Pro-Regular.otf"],"assets/fonts/Cera_Pro-Thin.otf":["assets/fonts/Cera_Pro-Thin.otf"],"assets/fonts/Rubik-Black.ttf":["assets/fonts/Rubik-Black.ttf"],"assets/fonts/Rubik-Bold.ttf":["assets/fonts/Rubik-Bold.ttf"],"assets/fonts/Rubik-ExtraBold.ttf":["assets/fonts/Rubik-ExtraBold.ttf"],"assets/fonts/Rubik-Light.ttf":["assets/fonts/Rubik-Light.ttf"],"assets/fonts/Rubik-Medium.ttf":["assets/fonts/Rubik-Medium.ttf"],"assets/fonts/Rubik-Regular.ttf":["assets/fonts/Rubik-Regular.ttf"],"assets/fonts/Rubik-SemiBold.ttf":["assets/fonts/Rubik-SemiBold.ttf"],"assets/gif/congrats.gif":["assets/gif/congrats.gif"],"assets/gif/data-loader.gif":["assets/gif/data-loader.gif"],"assets/gif/loader.gif":["assets/gif/loader.gif"],"assets/gif/no-data.gif":["assets/gif/no-data.gif"],"assets/gif/no-internet.gif":["assets/gif/no-internet.gif"],"assets/icons/end_map.png":["assets/icons/end_map.png"],"assets/icons/right.png":["assets/icons/right.png"],"assets/icons/start_map.png":["assets/icons/start_map.png"],"assets/icons/svg_icons/SimulateIcon.svg":["assets/icons/svg_icons/SimulateIcon.svg"],"assets/icons/svg_icons/arrow_down.svg":["assets/icons/svg_icons/arrow_down.svg"],"assets/icons/svg_icons/arrow_left.svg":["assets/icons/svg_icons/arrow_left.svg"],"assets/icons/svg_icons/arrow_right.svg":["assets/icons/svg_icons/arrow_right.svg"],"assets/icons/svg_icons/book.svg":["assets/icons/svg_icons/book.svg"],"assets/icons/svg_icons/call.svg":["assets/icons/svg_icons/call.svg"],"assets/icons/svg_icons/chart_pie.svg":["assets/icons/svg_icons/chart_pie.svg"],"assets/icons/svg_icons/clipboard.svg":["assets/icons/svg_icons/clipboard.svg"],"assets/icons/svg_icons/date_picker.svg":["assets/icons/svg_icons/date_picker.svg"],"assets/icons/svg_icons/delete_account.svg":["assets/icons/svg_icons/delete_account.svg"],"assets/icons/svg_icons/export.svg":["assets/icons/svg_icons/export.svg"],"assets/icons/svg_icons/green_clipboard.svg":["assets/icons/svg_icons/green_clipboard.svg"],"assets/icons/svg_icons/half_heart.svg":["assets/icons/svg_icons/half_heart.svg"],"assets/icons/svg_icons/half_star.svg":["assets/icons/svg_icons/half_star.svg"],"assets/icons/svg_icons/home.svg":["assets/icons/svg_icons/home.svg"],"assets/icons/svg_icons/latestExamIcon.svg":["assets/icons/svg_icons/latestExamIcon.svg"],"assets/icons/svg_icons/location.svg":["assets/icons/svg_icons/location.svg"],"assets/icons/svg_icons/mail.svg":["assets/icons/svg_icons/mail.svg"],"assets/icons/svg_icons/mistakes.svg":["assets/icons/svg_icons/mistakes.svg"],"assets/icons/svg_icons/moduleExam.svg":["assets/icons/svg_icons/moduleExam.svg"],"assets/icons/svg_icons/notifications.svg":["assets/icons/svg_icons/notifications.svg"],"assets/icons/svg_icons/permission_settings.svg":["assets/icons/svg_icons/permission_settings.svg"],"assets/icons/svg_icons/plus_version_icon.svg":["assets/icons/svg_icons/plus_version_icon.svg"],"assets/icons/svg_icons/profile.svg":["assets/icons/svg_icons/profile.svg"],"assets/icons/svg_icons/qr_code_scan.svg":["assets/icons/svg_icons/qr_code_scan.svg"],"assets/icons/svg_icons/randomQuestions.svg":["assets/icons/svg_icons/randomQuestions.svg"],"assets/icons/svg_icons/right.svg":["assets/icons/svg_icons/right.svg"],"assets/icons/svg_icons/savedQuestions.svg":["assets/icons/svg_icons/savedQuestions.svg"],"assets/icons/svg_icons/school_list.svg":["assets/icons/svg_icons/school_list.svg"],"assets/icons/svg_icons/settings.svg":["assets/icons/svg_icons/settings.svg"],"assets/icons/svg_icons/simulate_popup_icon.svg":["assets/icons/svg_icons/simulate_popup_icon.svg"],"assets/icons/svg_icons/style.svg":["assets/icons/svg_icons/style.svg"],"assets/icons/svg_icons/triangle.svg":["assets/icons/svg_icons/triangle.svg"],"assets/icons/svg_icons/user.svg":["assets/icons/svg_icons/user.svg"],"assets/icons/svg_icons/warning.svg":["assets/icons/svg_icons/warning.svg"],"assets/icons/svg_icons/welcome.svg":["assets/icons/svg_icons/welcome.svg"],"assets/icons/svg_icons/wrong.svg":["assets/icons/svg_icons/wrong.svg"],"assets/icons/wrong.png":["assets/icons/wrong.png"],"assets/images/car_image.svg":["assets/images/car_image.svg"],"assets/images/default/profile.jpeg":["assets/images/default/profile.jpeg"],"assets/images/facebook_logo.png":["assets/images/facebook_logo.png"],"assets/images/flag/English.png":["assets/images/flag/English.png"],"assets/images/flag/German.png":["assets/images/flag/German.png"],"assets/images/g1.png":["assets/images/g1.png"],"assets/images/g2.png":["assets/images/g2.png"],"assets/images/g3.png":["assets/images/g3.png"],"assets/images/g4.png":["assets/images/g4.png"],"assets/images/google_logo.jpg":["assets/images/google_logo.jpg"],"assets/images/lock.svg":["assets/images/lock.svg"],"assets/images/login_image.jpg":["assets/images/login_image.jpg"],"assets/images/logo.png":["assets/images/logo.png"],"assets/images/logo_png.png":["assets/images/logo_png.png"],"assets/images/medal1.svg":["assets/images/medal1.svg"],"assets/images/medal2.svg":["assets/images/medal2.svg"],"assets/images/medal3.svg":["assets/images/medal3.svg"],"assets/images/splash_background.png":["assets/images/splash_background.png"],"assets/images/subscription_boy.svg":["assets/images/subscription_boy.svg"],"assets/images/subscription_center1.jpg":["assets/images/subscription_center1.jpg"],"assets/images/subscription_center2.jpg":["assets/images/subscription_center2.jpg"],"assets/images/subscription_top.jpg":["assets/images/subscription_top.jpg"],"assets/images/thumb.png":["assets/images/thumb.png"],"assets/json/final_loader.json":["assets/json/final_loader.json"],"packages/awesome_dialog/assets/flare/error.flr":["packages/awesome_dialog/assets/flare/error.flr"],"packages/awesome_dialog/assets/flare/info.flr":["packages/awesome_dialog/assets/flare/info.flr"],"packages/awesome_dialog/assets/flare/info2.flr":["packages/awesome_dialog/assets/flare/info2.flr"],"packages/awesome_dialog/assets/flare/info_without_loop.flr":["packages/awesome_dialog/assets/flare/info_without_loop.flr"],"packages/awesome_dialog/assets/flare/question.flr":["packages/awesome_dialog/assets/flare/question.flr"],"packages/awesome_dialog/assets/flare/succes.flr":["packages/awesome_dialog/assets/flare/succes.flr"],"packages/awesome_dialog/assets/flare/succes_without_loop.flr":["packages/awesome_dialog/assets/flare/succes_without_loop.flr"],"packages/awesome_dialog/assets/flare/warning.flr":["packages/awesome_dialog/assets/flare/warning.flr"],"packages/awesome_dialog/assets/flare/warning_without_loop.flr":["packages/awesome_dialog/assets/flare/warning_without_loop.flr"],"packages/cupertino_icons/assets/CupertinoIcons.ttf":["packages/cupertino_icons/assets/CupertinoIcons.ttf"],"packages/flutter_google_places/assets/google_black.png":["packages/flutter_google_places/assets/google_black.png"],"packages/flutter_google_places/assets/google_white.png":["packages/flutter_google_places/assets/google_white.png"],"packages/font_awesome_flutter/lib/fonts/fa-brands-400.ttf":["packages/font_awesome_flutter/lib/fonts/fa-brands-400.ttf"],"packages/font_awesome_flutter/lib/fonts/fa-regular-400.ttf":["packages/font_awesome_flutter/lib/fonts/fa-regular-400.ttf"],"packages/font_awesome_flutter/lib/fonts/fa-solid-900.ttf":["packages/font_awesome_flutter/lib/fonts/fa-solid-900.ttf"]}