[{"family":"MaterialIcons","fonts":[{"asset":"fonts/MaterialIcons-Regular.otf"}]},{"family":"CeraPro","fonts":[{"weight":800,"asset":"assets/fonts/Cera_Pro-Black.otf"},{"weight":700,"asset":"assets/fonts/Cera_Pro-Bold.otf"},{"weight":600,"asset":"assets/fonts/Cera_Pro-Medium.otf"},{"weight":500,"asset":"assets/fonts/Cera_Pro-Regular.otf"},{"weight":400,"asset":"assets/fonts/Cera_Pro-Light.otf"},{"weight":300,"asset":"assets/fonts/Cera_Pro-Thin.otf"}]},{"family":"Rubik","fonts":[{"weight":900,"asset":"assets/fonts/Rubik-Black.ttf"},{"weight":800,"asset":"assets/fonts/Rubik-ExtraBold.ttf"},{"weight":700,"asset":"assets/fonts/Rubik-Bold.ttf"},{"weight":600,"asset":"assets/fonts/Rubik-SemiBold.ttf"},{"weight":500,"asset":"assets/fonts/Rubik-Medium.ttf"},{"weight":400,"asset":"assets/fonts/Rubik-Regular.ttf"},{"weight":300,"asset":"assets/fonts/Rubik-Light.ttf"}]},{"family":"packages/cupertino_icons/CupertinoIcons","fonts":[{"asset":"packages/cupertino_icons/assets/CupertinoIcons.ttf"}]},{"family":"packages/font_awesome_flutter/FontAwesomeBrands","fonts":[{"weight":400,"asset":"packages/font_awesome_flutter/lib/fonts/fa-brands-400.ttf"}]},{"family":"packages/font_awesome_flutter/FontAwesomeRegular","fonts":[{"weight":400,"asset":"packages/font_awesome_flutter/lib/fonts/fa-regular-400.ttf"}]},{"family":"packages/font_awesome_flutter/FontAwesomeSolid","fonts":[{"weight":900,"asset":"packages/font_awesome_flutter/lib/fonts/fa-solid-900.ttf"}]}]